/*Dummy data is generated by ChatGPT*/

INSERT INTO customer (customer_id, first_name, last_name, phone, email) VALUES
('C-00000001', 'John', 'Doe', '123-456-7890', 'john.doe@email.com'),
('C-00000002', 'Jane', 'Smith', '987-654-3210', 'jane.smith@email.com'),
('C-00000003', 'Alice', 'Johnson', '555-555-5555', 'alice.johnson@email.com'),
('C-00000004', 'Bob', 'Williams', '444-444-4444', 'bob.williams@email.com'),
('C-00000005', 'Charlie', 'Brown', '333-333-3333', 'charlie.brown@email.com'),
('C-00000006', 'David', 'Jones', '222-222-2222', 'david.jones@email.com'),
('C-00000007', 'Eva', 'Miller', '111-111-1111', 'eva.miller@email.com'),
('C-00000008', 'Frank', 'Davis', '666-666-6666', 'frank.davis@email.com'),
('C-00000009', 'Grace', 'Martinez', '777-777-7777', 'grace.martinez@email.com'),
('C-00000010', 'Hannah', 'Garcia', '888-888-8888', 'hannah.garcia@email.com');

INSERT INTO inventory (part_id, brand, model, part_name, unit_price, inventory_quantity) VALUES
('P-27384521', 'Duratek', 'TurboMax-500', 'Precision Gear Assembly', 120.50, 150),
('P-59648372', 'Steel Craft', 'UltraDrive-X2', 'High Torque Piston Rod', 275.75, 50),
('P-10874295', 'Mega Force', 'PowerGrip-300', 'Dual-Action Hydraulic Pump', 35.99, 200),
('P-34218765', 'Speed Line', 'HyperTorque-V3', 'Heavy Duty Ball Bearing', 50.25, 120),
('P-98765431', 'Ultra Gear', 'MegaFlow-120', 'Industrial Timing Belt', 650.00, 30),
('P-56473829', 'Power Tech', 'SpeedRacer-400', 'Advanced Radiator Fan', 15.99, 500),
('P-21039847', 'Flexi Pro', 'MaxPiston-220', 'Turbocharged Exhaust Valve', 85.60, 75),
('P-78456102', 'Forge Max', 'SteelForce-900', 'Reinforced Brake Disc', 225.10, 60),
('P-46289310', 'Power Drive', 'QuickSpin-XT', 'High-Performance Alternator', 45.80, 250),
('P-83957164', 'Auto Fusion', 'TorqueMaster-7X', 'Multi-Speed Gearbox Shaft', 120.00, 180);

INSERT INTO job_order (order_id, customer_id, order_date, total_price) VALUES
('O-00000001', 'C-00000005', '2022-05-17', 3500.75),
('O-00000002', 'C-00000002', '2022-09-03', 4800.50),
('O-00000003', 'C-00000001', '2022-11-22', 2150.90),
('O-00000004', 'C-00000001', '2023-01-14', 1500.00),
('O-00000005', 'C-00000001', '2023-06-29', 2250.30),
('O-00000006', 'C-00000008', '2023-08-24', 3100.45),
('O-00000007', 'C-00000003', '2023-11-12', 2750.60),
('O-00000008', 'C-00000010', '2024-02-06', 5400.80),
('O-00000009', 'C-00000005', '2024-04-18', 3800.00),
('O-00000010', 'C-00000002', '2024-07-09', 4000.25);

INSERT INTO job_order_inventory (order_id, part_id, order_quantity) VALUES
('O-00000001', 'P-10874295', 1),
('O-00000001', 'P-21039847', 1),
('O-00000002', 'P-46289310', 120),
('O-00000003', 'P-78456102', 250),
('O-00000003', 'P-27384521', 87),
('O-00000004', 'P-10874295', 40),
('O-00000005', 'P-83957164', 17),
('O-00000005', 'P-56473829', 9),
('O-00000005', 'P-27384521', 30),
('O-00000005', 'P-21039847', 260),
('O-00000006', 'P-21039847', 150),
('O-00000007', 'P-56473829', 100),
('O-00000007', 'P-59648372', 200),
('O-00000008', 'P-21039847', 50),
('O-00000008', 'P-27384521', 4),
('O-00000008', 'P-10874295', 5),
('O-00000008', 'P-46289310', 300),
('O-00000008', 'P-56473829', 175),
('O-00000008', 'P-78456102', 60),
('O-00000009', 'P-59648372', 100),
('O-00000010', 'P-46289310', 20);